{
	"start": {
		"connected": [
			{
				"socket": 6,
				"local_host": "10.0.0.4",
				"local_port": 5000,
				"remote_host": "10.0.0.1",
				"remote_port": 40272
			}
		],
		"version": "iperf 3.7",
		"system_info": "Linux mininet-vm 5.4.0-42-generic #46-Ubuntu SMP Fri Jul 10 00:24:02 UTC 2020 x86_64",
		"sock_bufsize": 0,
		"sndbuf_actual": 87380,
		"rcvbuf_actual": 87380,
		"timestamp": {
			"time": "Tue, 12 Mar 2024 08:23:24 GMT",
			"timesecs": 1710231804
		},
		"accepted_connection": {
			"host": "10.0.0.1",
			"port": 40270
		},
		"cookie": "zbpyxusskei75e2efv6uwilmokkb647myhrn",
		"tcp_mss_default": 0,
		"test_start": {
			"protocol": "TCP",
			"num_streams": 1,
			"blksize": 131072,
			"omit": 0,
			"duration": 15,
			"bytes": 0,
			"blocks": 0,
			"reverse": 1,
			"tos": 0
		}
	},
	"intervals": [
		{
			"streams": [
				{
					"socket": 6,
					"start": 0,
					"end": 0.500155,
					"seconds": 0.500154972076416,
					"bytes": 3389768,
					"bits_per_second": 54219482.98827821,
					"retransmits": 0,
					"snd_cwnd": 150592,
					"rtt": 28439,
					"rttvar": 1166,
					"pmtu": 1500,
					"omitted": false,
					"sender": true
				}
			],
			"sum": {
				"start": 0,
				"end": 0.500155,
				"seconds": 0.500154972076416,
				"bytes": 3389768,
				"bits_per_second": 54219482.98827821,
				"retransmits": 0,
				"omitted": false,
				"sender": true
			}
		},
		{
			"streams": [
				{
					"socket": 6,
					"start": 0.500155,
					"end": 1.000133,
					"seconds": 0.49997800588607788,
					"bytes": 2736720,
					"bits_per_second": 43789446.220137507,
					"retransmits": 0,
					"snd_cwnd": 130320,
					"rtt": 22475,
					"rttvar": 1079,
					"pmtu": 1500,
					"omitted": false,
					"sender": true
				}
			],
			"sum": {
				"start": 0.500155,
				"end": 1.000133,
				"seconds": 0.49997800588607788,
				"bytes": 2736720,
				"bits_per_second": 43789446.220137507,
				"retransmits": 0,
				"omitted": false,
				"sender": true
			}
		},
		{
			"streams": [
				{
					"socket": 6,
					"start": 1.000133,
					"end": 1.501839,
					"seconds": 0.50170600414276123,
					"bytes": 2736720,
					"bits_per_second": 43638624.651121572,
					"retransmits": 0,
					"snd_cwnd": 146248,
					"rtt": 25851,
					"rttvar": 3755,
					"pmtu": 1500,
					"omitted": false,
					"sender": true
				}
			],
			"sum": {
				"start": 1.000133,
				"end": 1.501839,
				"seconds": 0.50170600414276123,
				"bytes": 2736720,
				"bits_per_second": 43638624.651121572,
				"retransmits": 0,
				"omitted": false,
				"sender": true
			}
		},
		{
			"streams": [
				{
					"socket": 6,
					"start": 1.501839,
					"end": 2.000393,
					"seconds": 0.498553991317749,
					"bytes": 2345760,
					"bits_per_second": 37641018.479058981,
					"retransmits": 0,
					"snd_cwnd": 156384,
					"rtt": 24020,
					"rttvar": 1346,
					"pmtu": 1500,
					"omitted": false,
					"sender": true
				}
			],
			"sum": {
				"start": 1.501839,
				"end": 2.000393,
				"seconds": 0.498553991317749,
				"bytes": 2345760,
				"bits_per_second": 37641018.479058981,
				"retransmits": 0,
				"omitted": false,
				"sender": true
			}
		},
		{
			"streams": [
				{
					"socket": 6,
					"start": 2.000393,
					"end": 2.500041,
					"seconds": 0.49964800477027893,
					"bytes": 2345760,
					"bits_per_second": 37558600.896701276,
					"retransmits": 0,
					"snd_cwnd": 167968,
					"rtt": 31129,
					"rttvar": 3562,
					"pmtu": 1500,
					"omitted": false,
					"sender": true
				}
			],
			"sum": {
				"start": 2.000393,
				"end": 2.500041,
				"seconds": 0.49964800477027893,
				"bytes": 2345760,
				"bits_per_second": 37558600.896701276,
				"retransmits": 0,
				"omitted": false,
				"sender": true
			}
		},
		{
			"streams": [
				{
					"socket": 6,
					"start": 2.500041,
					"end": 3.000095,
					"seconds": 0.5000540018081665,
					"bytes": 2736720,
					"bits_per_second": 43782791.300206423,
					"retransmits": 0,
					"snd_cwnd": 179552,
					"rtt": 37093,
					"rttvar": 411,
					"pmtu": 1500,
					"omitted": false,
					"sender": true
				}
			],
			"sum": {
				"start": 2.500041,
				"end": 3.000095,
				"seconds": 0.5000540018081665,
				"bytes": 2736720,
				"bits_per_second": 43782791.300206423,
				"retransmits": 0,
				"omitted": false,
				"sender": true
			}
		},
		{
			"streams": [
				{
					"socket": 6,
					"start": 3.000095,
					"end": 3.5028639999999998,
					"seconds": 0.50276899337768555,
					"bytes": 2345760,
					"bits_per_second": 37325452.140408181,
					"retransmits": 0,
					"snd_cwnd": 189688,
					"rtt": 45409,
					"rttvar": 5904,
					"pmtu": 1500,
					"omitted": false,
					"sender": true
				}
			],
			"sum": {
				"start": 3.000095,
				"end": 3.5028639999999998,
				"seconds": 0.50276899337768555,
				"bytes": 2345760,
				"bits_per_second": 37325452.140408181,
				"retransmits": 0,
				"omitted": false,
				"sender": true
			}
		},
		{
			"streams": [
				{
					"socket": 6,
					"start": 3.5028639999999998,
					"end": 4.000201,
					"seconds": 0.49733701348304749,
					"bytes": 2345760,
					"bits_per_second": 37733125.609481044,
					"retransmits": 0,
					"snd_cwnd": 198376,
					"rtt": 32483,
					"rttvar": 252,
					"pmtu": 1500,
					"omitted": false,
					"sender": true
				}
			],
			"sum": {
				"start": 3.5028639999999998,
				"end": 4.000201,
				"seconds": 0.49733701348304749,
				"bytes": 2345760,
				"bits_per_second": 37733125.609481044,
				"retransmits": 0,
				"omitted": false,
				"sender": true
			}
		},
		{
			"streams": [
				{
					"socket": 6,
					"start": 4.000201,
					"end": 4.500196,
					"seconds": 0.49999499320983887,
					"bytes": 2280600,
					"bits_per_second": 36489965.39519944,
					"retransmits": 0,
					"snd_cwnd": 207064,
					"rtt": 49675,
					"rttvar": 658,
					"pmtu": 1500,
					"omitted": false,
					"sender": true
				}
			],
			"sum": {
				"start": 4.000201,
				"end": 4.500196,
				"seconds": 0.49999499320983887,
				"bytes": 2280600,
				"bits_per_second": 36489965.39519944,
				"retransmits": 0,
				"omitted": false,
				"sender": true
			}
		},
		{
			"streams": [
				{
					"socket": 6,
					"start": 4.500196,
					"end": 5.001704,
					"seconds": 0.50150799751281738,
					"bytes": 1824480,
					"bits_per_second": 29103902.774007037,
					"retransmits": 0,
					"snd_cwnd": 214304,
					"rtt": 46471,
					"rttvar": 556,
					"pmtu": 1500,
					"omitted": false,
					"sender": true
				}
			],
			"sum": {
				"start": 4.500196,
				"end": 5.001704,
				"seconds": 0.50150799751281738,
				"bytes": 1824480,
				"bits_per_second": 29103902.774007037,
				"retransmits": 0,
				"omitted": false,
				"sender": true
			}
		},
		{
			"streams": [
				{
					"socket": 6,
					"start": 5.001704,
					"end": 5.500296,
					"seconds": 0.49859198927879333,
					"bytes": 2280600,
					"bits_per_second": 36592645.674855024,
					"retransmits": 0,
					"snd_cwnd": 222992,
					"rtt": 72412,
					"rttvar": 1005,
					"pmtu": 1500,
					"omitted": false,
					"sender": true
				}
			],
			"sum": {
				"start": 5.001704,
				"end": 5.500296,
				"seconds": 0.49859198927879333,
				"bytes": 2280600,
				"bits_per_second": 36592645.674855024,
				"retransmits": 0,
				"omitted": false,
				"sender": true
			}
		},
		{
			"streams": [
				{
					"socket": 6,
					"start": 5.500296,
					"end": 6.002217,
					"seconds": 0.50192099809646606,
					"bytes": 2280600,
					"bits_per_second": 36349943.654864714,
					"retransmits": 0,
					"snd_cwnd": 230232,
					"rtt": 45590,
					"rttvar": 3607,
					"pmtu": 1500,
					"omitted": false,
					"sender": true
				}
			],
			"sum": {
				"start": 5.500296,
				"end": 6.002217,
				"seconds": 0.50192099809646606,
				"bytes": 2280600,
				"bits_per_second": 36349943.654864714,
				"retransmits": 0,
				"omitted": false,
				"sender": true
			}
		},
		{
			"streams": [
				{
					"socket": 6,
					"start": 6.002217,
					"end": 6.500132,
					"seconds": 0.49791499972343445,