{
    "second": 8.0,
    "dcm-quic": 22.520293295241345,
    "tcp": 39.27756855165877
}