{
	"start":	{
		"connected":	[{
				"socket":	6,
				"local_host":	"10.0.0.1",
				"local_port":	35904,
				"remote_host":	"10.0.0.4",
				"remote_port":	5000
			}],
		"version":	"iperf 3.7",
		"system_info":	"Linux mininet-vm 5.4.0-42-generic #46-Ubuntu SMP Fri Jul 10 00:24:02 UTC 2020 x86_64",
		"timestamp":	{
			"time":	"Tue, 12 Mar 2024 07:24:05 GMT",
			"timesecs":	1710228245
		},
		"connecting_to":	{
			"host":	"10.0.0.4",
			"port":	5000
		},
		"cookie":	"neixk55ijw2g6xyjjzrzbpnrctjwu5z74u4z",
		"tcp_mss_default":	1448,
		"sock_bufsize":	0,
		"sndbuf_actual":	87380,
		"rcvbuf_actual":	87380,
		"test_start":	{
			"protocol":	"TCP",
			"num_streams":	1,
			"blksize":	131072,
			"omit":	0,
			"duration":	15,
			"bytes":	0,
			"blocks":	0,
			"reverse":	1,
			"tos":	0
		}
	},
	"intervals":	[{
			"streams":	[{
					"socket":	6,
					"start":	0,
					"end":	1.000824,
					"seconds":	1.000823974609375,
					"bytes":	78192,
					"bits_per_second":	625020.99856685475,
					"omitted":	false,
					"sender":	false
				}],
			"sum":	{
				"start":	0,
				"end":	1.000824,
				"seconds":	1.000823974609375,
				"bytes":	78192,
				"bits_per_second":	625020.99856685475,
				"omitted":	false,
				"sender":	false
			}
		}, {
			"streams":	[{
					"socket":	6,
					"start":	1.000824,
					"end":	2.000322,
					"seconds":	0.99949800968170166,
					"bytes":	448880,
					"bits_per_second":	3592843.5726886503,
					"omitted":	false,
					"sender":	false
				}],
			"sum":	{
				"start":	1.000824,
				"end":	2.000322,
				"seconds":	0.99949800968170166,
				"bytes":	448880,
				"bits_per_second":	3592843.5726886503,
				"omitted":	false,
				"sender":	false
			}
		}, {
			"streams":	[{
					"socket":	6,
					"start":	2.000322,
					"end":	3.000415,
					"seconds":	1.0000929832458496,
					"bytes":	283808,
					"bits_per_second":	2270252.9045160385,
					"omitted":	false,
					"sender":	false
				}],
			"sum":	{
				"start":	2.000322,
				"end":	3.000415,
				"seconds":	1.0000929832458496,
				"bytes":	283808,
				"bits_per_second":	2270252.9045160385,
				"omitted":	false,
				"sender":	false
			}
		}, {
			"streams":	[{
					"socket":	6,
					"start":	3.000415,
					"end":	4.000061,
					"seconds":	0.999646008014679,
					"bytes":	485080,
					"bits_per_second":	3882014.2019143803,
					"omitted":	false,
					"sender":	false
				}],
			"sum":	{
				"start":	3.000415,
				"end":	4.000061,
				"seconds":	0.999646008014679,
				"bytes":	485080,
				"bits_per_second":	3882014.2019143803,
				"omitted":	false,
				"sender":	false
			}
		}, {
			"streams":	[{
					"socket":	6,
					"start":	4.000061,
					"end":	5.000674,
					"seconds":	1.0006129741668701,
					"bytes":	560376,
					"bits_per_second":	4480261.7153076995,
					"omitted":	false,
					"sender":	false
				}],
			"sum":	{
				"start":	4.000061,
				"end":	5.000674,
				"seconds":	1.0006129741668701,
				"bytes":	560376,
				"bits_per_second":	4480261.7153076995,
				"omitted":	false,
				"sender":	false
			}
		}, {
			"streams":	[{
					"socket":	6,
					"start":	5.000674,
					"end":	6.001953,
					"seconds":	1.0012789964675903,
					"bytes":	703728,
					"bits_per_second":	5622632.6726730932,
					"omitted":	false,
					"sender":	false
				}],
			"sum":	{
				"start":	5.000674,
				"end":	6.001953,
				"seconds":	1.0012789964675903,
				"bytes":	703728,
				"bits_per_second":	5622632.6726730932,
				"omitted":	false,
				"sender":	false
			}
		}, {
			"streams":	[{
					"socket":	6,
					"start":	6.001953,
					"end":	7.000697,
					"seconds":	0.998744010925293,
					"bytes":	574856,
					"bits_per_second":	4604631.3666896159,
					"omitted":	false,
					"sender":	false
				}],
			"sum":	{
				"start":	6.001953,
				"end":	7.000697,
				"seconds":	0.998744010925293,
				"bytes":	574856,
				"bits_per_second":	4604631.3666896159,
				"omitted":	false,
				"sender":	false
			}
		}, {
			"streams":	[{
					"socket":	6,
					"start":	7.000697,
					"end":	8.00015,
					"seconds":	0.99945300817489624,
					"bytes":	731240,
					"bits_per_second":	5853121.6096718283,
					"omitted":	false,
					"sender":	false
				}],
			"sum":	{
				"start":	7.000697,
				"end":	8.00015,
				"seconds":	0.99945300817489624,
				"bytes":	731240,
				"bits_per_second":	5853121.6096718283,
				"omitted":	false,
				"sender":	false
			}
		}, {
			"streams":	[{
					"socket":	6,
					"start":	8.00015,
					"end":	9.000128,
					"seconds":	0.99997800588607788,
					"bytes":	690696,
					"bits_per_second":	5525689.5326450793,
					"omitted":	false,
					"sender":	false
				}],
			"sum":	{
				"start":	8.00015,
				"end":	9.000128,
				"seconds":	0.99997800588607788,
				"bytes":	690696,
				"bits_per_second":	5525689.5326450793,
				"omitted":	false,
				"sender":	false
			}
		}, {
			"streams":	[{
					"socket":	6,
					"start":	9.000128,
					"end":	10.000959,
					"seconds":	1.0008310079574585,
					"bytes":	486528,
					"bits_per_second":	3888992.2165215765,
					"omitted":	false,
					"sender":	false
				}],
			"sum":	{
				"start":	9.000128,
				"end":	10.000959,
				"seconds":	1.0008310079574585,
				"bytes":	486528,
				"bits_per_second":	3888992.2165215765,
				"omitted":	false,
				"sender":	false
			}
		}, {
			"streams":	[{
					"socket":	6,
					"start":	10.000959,
					"end":	11.001001,
					"seconds":	1.0000419616699219,
					"bytes":	499560,
					"bits_per_second":	3996312.3080620244,
					"omitted":	false,
					"sender":	false
				}],
			"sum":	{
				"start":	10.000959,
				"end":	11.001001,
				"seconds":	1.0000419616699219,
				"bytes":	499560,
				"bits_per_second":	3996312.3080620244,
				"omitted":	false,
				"sender":	false
			}
		}, {
			"streams":	[{
					"socket":	6,
					"start":	11.001001,
					"end":	12.000335,
					"seconds":	0.99933397769927979,
					"bytes":	489424,
					"bits_per_second":	3918001.4763575089,
					"omitted":	false,
					"sender":	false
				}],
			"sum":	{
				"start":	11.001001,
				"end":	12.000335,
				"seconds":	0.99933397769927979,
				"bytes":	489424,
				"bits_per_second":	3918001.4763575089,
				"omitted":	false,
				"sender":	false
			}
		}, {
			"streams":	[{
					"socket":	6,
					"start":	12.000335,
					"end":	13.000231,
					"seconds":	0.99989598989486694,
					"bytes":	401096,
					"bits_per_second":	3209101.7790134177,
					"omitted":	false,
					"sender":	false
				}],
			"sum":	{
				"start":	12.000335,
				"end":	13.000231,
				"seconds":	0.99989598989486694,
				"bytes":	401096,
				"bits_per_second":	3209101.7790134177,
				"omitted":	false,
				"sender":	false
			}
		}, {
			"streams":	[{
					"socket":	6,
					"start":	13.000231,
					"end":	14.000344,
					"seconds":	1.0001130104064941,
					"bytes":	563272,
					"bits_per_second":	4505666.8127619624,
					"omitted":	false,
					"sender":	false
				}],
			"sum":	{
				"start":	13.000231,
				"end":	14.000344,
				"seconds":	1.0001130104064941,
				"bytes":	563272,
				"bits_per_second":	4505666.8127619624,
				"omitted":	false,
				"sender":	false
			}
		}, {
			"streams":	[{
					"socket":	6,
					"start":	14.000344,
					"end":	15.000367,
					"seconds":	1.0000230073928833,
					"bytes":	541552,
					"bits_per_second":	4332316.3246962233,
					"omitted":	false,
					"sender":	false
				}],
			"sum":	{
				"start":	14.000344,
				"end":	15.000367,
				"seconds":	1.0000230073928833,
				"bytes":	541552,
				"bits_per_second":	4332316.3246962233,
				"omitted":	false,
				"sender":	false
			}
		}],
	"end":	{
		"streams":	[{
				"sender":	{
					"socket":	6,
					"start":	0,
					"end":	15.051177,
					"seconds":	15.051177,
					"bytes":	7814856,
					"bits_per_second":	4153751.4308681642,
					"retransmits":	61,
					"max_snd_cwnd":	0,
					"max_rtt":	0,
					"min_rtt":	0,
					"mean_rtt":	0,
					"sender":	false
				},
				"receiver":	{
					"socket":	6,
					"start":	0,
					"end":	15.000367,
					"seconds":	15.000367,
					"bytes":	7538288,
					"bits_per_second":	4020321.9027907783,