{
    "second": 8.0,
    "dcm-quic": 4.084279324423965,
    "tcp": 3.883516719335345
}