{
	"start": {
		"connected": [
			{
				"socket": 6,
				"local_host": "10.0.0.4",
				"local_port": 5000,
				"remote_host": "10.0.0.1",
				"remote_port": 33224
			}
		],
		"version": "iperf 3.7",
		"system_info": "Linux mininet-vm 5.4.0-42-generic #46-Ubuntu SMP Fri Jul 10 00:24:02 UTC 2020 x86_64",
		"sock_bufsize": 0,
		"sndbuf_actual": 87380,
		"rcvbuf_actual": 87380,
		"timestamp": {
			"time": "Mon, 11 Mar 2024 08:53:49 GMT",
			"timesecs": 1710147229
		},
		"accepted_connection": {
			"host": "10.0.0.1",
			"port": 33222
		},
		"cookie": "uxs5vbk2eqtdkdfigslqltxmgzxjwp66jzrm",
		"tcp_mss_default": 0,
		"test_start": {
			"protocol": "TCP",
			"num_streams": 1,
			"blksize": 131072,
			"omit": 0,
			"duration": 15,
			"bytes": 0,
			"blocks": 0,
			"reverse": 1,
			"tos": 0
		}
	},
	"intervals": [
		{
			"streams": [
				{
					"socket": 6,
					"start": 0,
					"end": 1.000215,
					"seconds": 1.0002150535583496,
					"bytes": 3648960,
					"bits_per_second": 29185403.575109303,
					"retransmits": 45,
					"snd_cwnd": 17376,
					"rtt": 4440,
					"rttvar": 723,
					"pmtu": 1500,
					"omitted": false,
					"sender": true
				}
			],
			"sum": {
				"start": 0,
				"end": 1.000215,
				"seconds": 1.0002150535583496,
				"bytes": 3648960,
				"bits_per_second": 29185403.575109303,
				"retransmits": 45,
				"omitted": false,
				"sender": true
			}
		},
		{
			"streams": [
				{
					"socket": 6,
					"start": 1.000215,
					"end": 2.001164,
					"seconds": 1.0009490251541138,
					"bytes": 3192840,
					"bits_per_second": 25518502.29942254,
					"retransmits": 58,
					"snd_cwnd": 4344,
					"rtt": 1825,
					"rttvar": 2024,
					"pmtu": 1500,
					"omitted": false,
					"sender": true
				}
			],
			"sum": {
				"start": 1.000215,
				"end": 2.001164,
				"seconds": 1.0009490251541138,
				"bytes": 3192840,
				"bits_per_second": 25518502.29942254,
				"retransmits": 58,
				"omitted": false,
				"sender": true
			}
		},
		{
			"streams": [
				{
					"socket": 6,
					"start": 2.001164,
					"end": 3.00274,
					"seconds": 1.0015759468078613,
					"bytes": 3062520,
					"bits_per_second": 24461609.804114059,
					"retransmits": 38,
					"snd_cwnd": 17376,
					"rtt": 3421,
					"rttvar": 640,
					"pmtu": 1500,
					"omitted": false,
					"sender": true
				}
			],
			"sum": {
				"start": 2.001164,
				"end": 3.00274,
				"seconds": 1.0015759468078613,
				"bytes": 3062520,
				"bits_per_second": 24461609.804114059,
				"retransmits": 38,
				"omitted": false,
				"sender": true
			}
		},
		{
			"streams": [
				{
					"socket": 6,
					"start": 3.00274,
					"end": 4.000092,
					"seconds": 0.9973520040512085,
					"bytes": 3583800,
					"bits_per_second": 28746520.670276742,
					"retransmits": 36,
					"snd_cwnd": 23168,
					"rtt": 5799,
					"rttvar": 2749,
					"pmtu": 1500,
					"omitted": false,
					"sender": true
				}
			],
			"sum": {
				"start": 3.00274,
				"end": 4.000092,
				"seconds": 0.9973520040512085,
				"bytes": 3583800,
				"bits_per_second": 28746520.670276742,
				"retransmits": 36,
				"omitted": false,
				"sender": true
			}
		},
		{
			"streams": [
				{
					"socket": 6,
					"start": 4.000092,
					"end": 5.000433,
					"seconds": 1.0003410577774048,
					"bytes": 3648960,
					"bits_per_second": 29181727.344930906,
					"retransmits": 41,
					"snd_cwnd": 26064,
					"rtt": 5685,
					"rttvar": 973,
					"pmtu": 1500,
					"omitted": false,
					"sender": true
				}
			],
			"sum": {
				"start": 4.000092,
				"end": 5.000433,
				"seconds": 1.0003410577774048,
				"bytes": 3648960,
				"bits_per_second": 29181727.344930906,
				"retransmits": 41,
				"omitted": false,
				"sender": true
			}
		},
		{
			"streams": [
				{
					"socket": 6,
					"start": 5.000433,
					"end": 6.009861,
					"seconds": 1.0094280242919922,
					"bytes": 3127680,
					"bits_per_second": 24787740.57967126,
					"retransmits": 54,
					"snd_cwnd": 30408,
					"rtt": 18990,
					"rttvar": 9891,
					"pmtu": 1500,
					"omitted": false,
					"sender": true
				}
			],
			"sum": {
				"start": 5.000433,
				"end": 6.009861,
				"seconds": 1.0094280242919922,
				"bytes": 3127680,
				"bits_per_second": 24787740.57967126,
				"retransmits": 54,
				"omitted": false,
				"sender": true
			}
		},
		{
			"streams": [
				{
					"socket": 6,
					"start": 6.009861,
					"end": 7.029991,
					"seconds": 1.0201300382614136,
					"bytes": 3388320,
					"bits_per_second": 26571671.241244055,
					"retransmits": 51,
					"snd_cwnd": 15928,
					"rtt": 3210,
					"rttvar": 555,
					"pmtu": 1500,
					"omitted": false,
					"sender": true
				}
			],
			"sum": {
				"start": 6.009861,
				"end": 7.029991,
				"seconds": 1.0201300382614136,
				"bytes": 3388320,
				"bits_per_second": 26571671.241244055,
				"retransmits": 51,
				"omitted": false,
				"sender": true
			}
		},
		{
			"streams": [
				{
					"socket": 6,
					"start": 7.029991,
					"end": 8.001477,
					"seconds": 0.97148597240448,
					"bytes": 3518640,
					"bits_per_second": 28975323.164295841,
					"retransmits": 53,
					"snd_cwnd": 23168,
					"rtt": 4282,
					"rttvar": 387,
					"pmtu": 1500,
					"omitted": false,
					"sender": true
				}
			],
			"sum": {
				"start": 7.029991,
				"end": 8.001477,
				"seconds": 0.97148597240448,
				"bytes": 3518640,
				"bits_per_second": 28975323.164295841,
				"retransmits": 53,
				"omitted": false,
				"sender": true
			}
		},
		{
			"streams": [
				{
					"socket": 6,
					"start": 8.001477,
					"end": 9.00105,
					"seconds": 0.9995729923248291,
					"bytes": 3779280,
					"bits_per_second": 30247155.767664883,
					"retransmits": 56,
					"snd_cwnd": 30408,
					"rtt": 5048,
					"rttvar": 916,
					"pmtu": 1500,
					"omitted": false,
					"sender": true
				}
			],
			"sum": {
				"start": 8.001477,
				"end": 9.00105,
				"seconds": 0.9995729923248291,
				"bytes": 3779280,
				"bits_per_second": 30247155.767664883,
				"retransmits": 56,
				"omitted": false,
				"sender": true
			}
		},
		{
			"streams": [
				{
					"socket": 6,
					"start": 9.00105,
					"end": 10.000903,
					"seconds": 0.99985301494598389,
					"bytes": 3127680,
					"bits_per_second": 25025118.318367787,
					"retransmits": 34,
					"snd_cwnd": 8688,
					"rtt": 1981,
					"rttvar": 137,
					"pmtu": 1500,
					"omitted": false,
					"sender": true
				}
			],
			"sum": {
				"start": 9.00105,
				"end": 10.000903,
				"seconds": 0.99985301494598389,
				"bytes": 3127680,
				"bits_per_second": 25025118.318367787,
				"retransmits": 34,
				"omitted": false,
				"sender": true
			}
		},
		{
			"streams": [
				{
					"socket": 6,
					"start": 10.000903,
					"end": 11.000085,
					"seconds": 0.99918198585510254,
					"bytes": 3388320,
					"bits_per_second": 27128751.702626158,
					"retransmits": 33,
					"snd_cwnd": 24616,
					"rtt": 4126,
					"rttvar": 398,
					"pmtu": 1500,
					"omitted": false,
					"sender": true
				}
			],
			"sum": {
				"start": 10.000903,
				"end": 11.000085,
				"seconds": 0.99918198585510254,
				"bytes": 3388320,
				"bits_per_second": 27128751.702626158,
				"retransmits": 33,
				"omitted": false,
				"sender": true
			}
		},
		{
			"streams": [
				{
					"socket": 6,
					"start": 11.000085,
					"end": 12.000762,
					"seconds": 1.0006769895553589,
					"bytes": 2867040,
					"bits_per_second": 22920802.855866138,
					"retransmits": 35,
					"snd_cwnd": 27512,
					"rtt": 14997,
					"rttvar": 7872,
					"pmtu": 1500,
					"omitted": false,
					"sender": true
				}
			],
			"sum": {
				"start": 11.000085,
				"end": 12.000762,
				"seconds": 1.0006769895553589,
				"bytes": 2867040,
				"bits_per_second": 22920802.855866138,
				"retransmits": 35,
				"omitted": false,
				"sender": true
			}
		},
		{
			"streams": [
				{
					"socket": 6,
					"start": 12.000762,
					"end": 13.002898,
					"seconds": 1.0021359920501709,
					"bytes": 2476080,
					"bits_per_second": 19766419.085972019,