{
	"start":	{
		"connected":	[{
				"socket":	6,
				"local_host":	"10.0.0.1",
				"local_port":	33224,
				"remote_host":	"10.0.0.4",
				"remote_port":	5000
			}],
		"version":	"iperf 3.7",
		"system_info":	"Linux mininet-vm 5.4.0-42-generic #46-Ubuntu SMP Fri Jul 10 00:24:02 UTC 2020 x86_64",
		"timestamp":	{
			"time":	"Mon, 11 Mar 2024 08:53:49 GMT",
			"timesecs":	1710147229
		},
		"connecting_to":	{
			"host":	"10.0.0.4",
			"port":	5000
		},
		"cookie":	"uxs5vbk2eqtdkdfigslqltxmgzxjwp66jzrm",
		"tcp_mss_default":	1448,
		"sock_bufsize":	0,
		"sndbuf_actual":	87380,
		"rcvbuf_actual":	87380,
		"test_start":	{
			"protocol":	"TCP",
			"num_streams":	1,
			"blksize":	131072,
			"omit":	0,
			"duration":	15,
			"bytes":	0,
			"blocks":	0,
			"reverse":	1,
			"tos":	0
		}
	},
	"intervals":	[{
			"streams":	[{
					"socket":	6,
					"start":	0,
					"end":	1.001197,
					"seconds":	1.0011969804763794,
					"bytes":	3453480,
					"bits_per_second":	27594809.551717188,
					"omitted":	false,
					"sender":	false
				}],
			"sum":	{
				"start":	0,
				"end":	1.001197,
				"seconds":	1.0011969804763794,
				"bytes":	3453480,
				"bits_per_second":	27594809.551717188,
				"omitted":	false,
				"sender":	false
			}
		}, {
			"streams":	[{
					"socket":	6,
					"start":	1.001197,
					"end":	2.000605,
					"seconds":	0.99940800666809082,
					"bytes":	3224696,
					"bits_per_second":	25812849.034506004,
					"omitted":	false,
					"sender":	false
				}],
			"sum":	{
				"start":	1.001197,
				"end":	2.000605,
				"seconds":	0.99940800666809082,
				"bytes":	3224696,
				"bits_per_second":	25812849.034506004,
				"omitted":	false,
				"sender":	false
			}
		}, {
			"streams":	[{
					"socket":	6,
					"start":	2.000605,
					"end":	3.002586,
					"seconds":	1.0019810199737549,
					"bytes":	3035008,
					"bits_per_second":	24232059.805520043,
					"omitted":	false,
					"sender":	false
				}],
			"sum":	{
				"start":	2.000605,
				"end":	3.002586,
				"seconds":	1.0019810199737549,
				"bytes":	3035008,
				"bits_per_second":	24232059.805520043,
				"omitted":	false,
				"sender":	false
			}
		}, {
			"streams":	[{
					"socket":	6,
					"start":	3.002586,
					"end":	4.000088,
					"seconds":	0.99750202894210815,
					"bytes":	3572216,
					"bits_per_second":	28649293.105005365,
					"omitted":	false,
					"sender":	false
				}],
			"sum":	{
				"start":	3.002586,
				"end":	4.000088,
				"seconds":	0.99750202894210815,
				"bytes":	3572216,
				"bits_per_second":	28649293.105005365,
				"omitted":	false,
				"sender":	false
			}
		}, {
			"streams":	[{
					"socket":	6,
					"start":	4.000088,
					"end":	5.000977,
					"seconds":	1.0008889436721802,
					"bytes":	3719912,
					"bits_per_second":	29732865.15766231,
					"omitted":	false,
					"sender":	false
				}],
			"sum":	{
				"start":	4.000088,
				"end":	5.000977,
				"seconds":	1.0008889436721802,
				"bytes":	3719912,
				"bits_per_second":	29732865.15766231,
				"omitted":	false,
				"sender":	false
			}
		}, {
			"streams":	[{
					"socket":	6,
					"start":	5.000977,
					"end":	6.000284,
					"seconds":	0.99930697679519653,
					"bytes":	3014736,
					"bits_per_second":	24134613.847435243,
					"omitted":	false,
					"sender":	false
				}],
			"sum":	{
				"start":	5.000977,
				"end":	6.000284,
				"seconds":	0.99930697679519653,
				"bytes":	3014736,
				"bits_per_second":	24134613.847435243,
				"omitted":	false,
				"sender":	false
			}
		}, {
			"streams":	[{
					"socket":	6,
					"start":	6.000284,
					"end":	7.029503,
					"seconds":	1.0292190313339233,
					"bytes":	3428864,
					"bits_per_second":	26652161.653528754,
					"omitted":	false,
					"sender":	false
				}],
			"sum":	{
				"start":	6.000284,
				"end":	7.029503,
				"seconds":	1.0292190313339233,
				"bytes":	3428864,
				"bits_per_second":	26652161.653528754,
				"omitted":	false,
				"sender":	false
			}
		}, {
			"streams":	[{
					"socket":	6,
					"start":	7.029503,
					"end":	8.000015,
					"seconds":	0.97051197290420532,
					"bytes":	3479544,
					"bits_per_second":	28682131.469951063,
					"omitted":	false,
					"sender":	false
				}],
			"sum":	{
				"start":	7.029503,
				"end":	8.000015,
				"seconds":	0.97051197290420532,
				"bytes":	3479544,
				"bits_per_second":	28682131.469951063,
				"omitted":	false,
				"sender":	false
			}
		}, {
			"streams":	[{
					"socket":	6,
					"start":	8.000015,
					"end":	9.001071,
					"seconds":	1.0010559558868408,
					"bytes":	3815480,
					"bits_per_second":	30491642.170950141,
					"omitted":	false,
					"sender":	false
				}],
			"sum":	{
				"start":	8.000015,
				"end":	9.001071,
				"seconds":	1.0010559558868408,
				"bytes":	3815480,
				"bits_per_second":	30491642.170950141,
				"omitted":	false,
				"sender":	false
			}
		}, {
			"streams":	[{
					"socket":	6,
					"start":	9.001071,
					"end":	10.000772,
					"seconds":	0.99970102310180664,
					"bytes":	3111752,
					"bits_per_second":	24901460.96155877,
					"omitted":	false,
					"sender":	false
				}],
			"sum":	{
				"start":	9.001071,
				"end":	10.000772,
				"seconds":	0.99970102310180664,
				"bytes":	3111752,
				"bits_per_second":	24901460.96155877,
				"omitted":	false,
				"sender":	false
			}
		}, {
			"streams":	[{
					"socket":	6,
					"start":	10.000772,
					"end":	11.000068,
					"seconds":	0.99929600954055786,
					"bytes":	3331848,
					"bits_per_second":	26673561.933120254,
					"omitted":	false,
					"sender":	false
				}],
			"sum":	{
				"start":	10.000772,
				"end":	11.000068,
				"seconds":	0.99929600954055786,
				"bytes":	3331848,
				"bits_per_second":	26673561.933120254,
				"omitted":	false,
				"sender":	false
			}
		}, {
			"streams":	[{
					"socket":	6,
					"start":	11.000068,
					"end":	12.000786,
					"seconds":	1.0007179975509644,
					"bytes":	2901792,
					"bits_per_second":	23197680.122484002,
					"omitted":	false,
					"sender":	false
				}],
			"sum":	{
				"start":	11.000068,
				"end":	12.000786,
				"seconds":	1.0007179975509644,
				"bytes":	2901792,
				"bits_per_second":	23197680.122484002,
				"omitted":	false,
				"sender":	false
			}
		}, {
			"streams":	[{
					"socket":	6,
					"start":	12.000786,
					"end":	13.002572,
					"seconds":	1.0017859935760498,
					"bytes":	2510832,
					"bits_per_second":	20050845.319065779,
					"omitted":	false,
					"sender":	false
				}],
			"sum":	{
				"start":	12.000786,
				"end":	13.002572,
				"seconds":	1.0017859935760498,
				"bytes":	2510832,
				"bits_per_second":	20050845.319065779,
				"omitted":	false,
				"sender":	false
			}
		}, {
			"streams":	[{
					"socket":	6,
					"start":	13.002572,
					"end":	14.007579,
					"seconds":	1.0050070285797119,
					"bytes":	3488232,
					"bits_per_second":	27766826.705119558,
					"omitted":	false,
					"sender":	false
				}],
			"sum":	{
				"start":	13.002572,
				"end":	14.007579,
				"seconds":	1.0050070285797119,
				"bytes":	3488232,
				"bits_per_second":	27766826.705119558,
				"omitted":	false,
				"sender":	false
			}
		}, {
			"streams":	[{
					"socket":	6,
					"start":	14.007579,
					"end":	15.001524,
					"seconds":	0.99394500255584717,
					"bytes":	2935096,
					"bits_per_second":	23623810.10983621,
					"omitted":	false,
					"sender":	false
				}],
			"sum":	{
				"start":	14.007579,
				"end":	15.001524,
				"seconds":	0.99394500255584717,
				"bytes":	2935096,
				"bits_per_second":	23623810.10983621,
				"omitted":	false,
				"sender":	false
			}
		}],
	"end":	{
		"streams":	[{
				"sender":	{
					"socket":	6,
					"start":	0,
					"end":	15.003015,
					"seconds":	15.003015,
					"bytes":	49326120,
					"bits_per_second":	26301977.302562185,
					"retransmits":	673,
					"max_snd_cwnd":	0,
					"max_rtt":	0,
					"min_rtt":	0,
					"mean_rtt":	0,
					"sender":	false
				},
				"receiver":	{
					"socket":	6,
					"start":	0,
					"end":	15.001524,
					"seconds":	15.001524,
					"bytes":	49023488,