{
    "second": 8.0,
    "dcm-quic": 21.9706161203873,
    "tcp": 12.074233850742116
}