{
	"start": {
		"connected": [
			{
				"socket": 6,
				"local_host": "10.0.0.4",
				"local_port": 5000,
				"remote_host": "10.0.0.1",
				"remote_port": 40252
			}
		],
		"version": "iperf 3.7",
		"system_info": "Linux mininet-vm 5.4.0-42-generic #46-Ubuntu SMP Fri Jul 10 00:24:02 UTC 2020 x86_64",
		"sock_bufsize": 0,
		"sndbuf_actual": 87380,
		"rcvbuf_actual": 87380,
		"timestamp": {
			"time": "Tue, 12 Mar 2024 08:19:42 GMT",
			"timesecs": 1710231582
		},
		"accepted_connection": {
			"host": "10.0.0.1",
			"port": 40250
		},
		"cookie": "ndlfj72iqkjwcrxy5fpehqc6f3g7pmdp5igw",
		"tcp_mss_default": 0,
		"test_start": {
			"protocol": "TCP",
			"num_streams": 1,
			"blksize": 131072,
			"omit": 0,
			"duration": 15,
			"bytes": 0,
			"blocks": 0,
			"reverse": 1,
			"tos": 0
		}
	},
	"intervals": [
		{
			"streams": [
				{
					"socket": 6,
					"start": 0,
					"end": 0.500146,
					"seconds": 0.50014597177505493,
					"bytes": 1016496,
					"bits_per_second": 16259189.234572951,
					"retransmits": 36,
					"snd_cwnd": 2896,
					"rtt": 2476,
					"rttvar": 645,
					"pmtu": 1500,
					"omitted": false,
					"sender": true
				}
			],
			"sum": {
				"start": 0,
				"end": 0.500146,
				"seconds": 0.50014597177505493,
				"bytes": 1016496,
				"bits_per_second": 16259189.234572951,
				"retransmits": 36,
				"omitted": false,
				"sender": true
			}
		},
		{
			"streams": [
				{
					"socket": 6,
					"start": 0.500146,
					"end": 1.000245,
					"seconds": 0.50009900331497192,
					"bytes": 260640,
					"bits_per_second": 4169414.4283002131,
					"retransmits": 17,
					"snd_cwnd": 4344,
					"rtt": 3052,
					"rttvar": 1911,
					"pmtu": 1500,
					"omitted": false,
					"sender": true
				}
			],
			"sum": {
				"start": 0.500146,
				"end": 1.000245,
				"seconds": 0.50009900331497192,
				"bytes": 260640,
				"bits_per_second": 4169414.4283002131,
				"retransmits": 17,
				"omitted": false,
				"sender": true
			}
		},
		{
			"streams": [
				{
					"socket": 6,
					"start": 1.000245,
					"end": 1.500345,
					"seconds": 0.50010001659393311,
					"bytes": 260640,
					"bits_per_second": 4169405.9804302263,
					"retransmits": 16,
					"snd_cwnd": 4344,
					"rtt": 8870,
					"rttvar": 14732,
					"pmtu": 1500,
					"omitted": false,
					"sender": true
				}
			],
			"sum": {
				"start": 1.000245,
				"end": 1.500345,
				"seconds": 0.50010001659393311,
				"bytes": 260640,
				"bits_per_second": 4169405.9804302263,
				"retransmits": 16,
				"omitted": false,
				"sender": true
			}
		},
		{
			"streams": [
				{
					"socket": 6,
					"start": 1.500345,
					"end": 2.000084,
					"seconds": 0.49973899126052856,
					"bytes": 651600,
					"bits_per_second": 10431045.187911732,
					"retransmits": 15,
					"snd_cwnd": 7240,
					"rtt": 3366,
					"rttvar": 627,
					"pmtu": 1500,
					"omitted": false,
					"sender": true
				}
			],
			"sum": {
				"start": 1.500345,
				"end": 2.000084,
				"seconds": 0.49973899126052856,
				"bytes": 651600,
				"bits_per_second": 10431045.187911732,
				"retransmits": 15,
				"omitted": false,
				"sender": true
			}
		},
		{
			"streams": [
				{
					"socket": 6,
					"start": 2.000084,
					"end": 2.500114,
					"seconds": 0.500029981136322,
					"bytes": 260640,
					"bits_per_second": 4169989.95792522,
					"retransmits": 10,
					"snd_cwnd": 4344,
					"rtt": 3823,
					"rttvar": 4654,
					"pmtu": 1500,
					"omitted": false,
					"sender": true
				}
			],
			"sum": {
				"start": 2.000084,
				"end": 2.500114,
				"seconds": 0.500029981136322,
				"bytes": 260640,
				"bits_per_second": 4169989.95792522,
				"retransmits": 10,
				"omitted": false,
				"sender": true
			}
		},
		{
			"streams": [
				{
					"socket": 6,
					"start": 2.500114,
					"end": 3.292912,
					"seconds": 0.79279798269271851,
					"bytes": 0,
					"bits_per_second": 0,
					"retransmits": 5,
					"snd_cwnd": 2896,
					"rtt": 5598,
					"rttvar": 8041,
					"pmtu": 1500,
					"omitted": false,
					"sender": true
				}
			],
			"sum": {
				"start": 2.500114,
				"end": 3.292912,
				"seconds": 0.79279798269271851,
				"bytes": 0,
				"bits_per_second": 0,
				"retransmits": 5,
				"omitted": false,
				"sender": true
			}
		},
		{
			"streams": [
				{
					"socket": 6,
					"start": 3.292912,
					"end": 3.500053,
					"seconds": 0.20714099705219269,
					"bytes": 130320,
					"bits_per_second": 5033093.4717732836,
					"retransmits": 5,
					"snd_cwnd": 2896,
					"rtt": 10036,
					"rttvar": 18005,
					"pmtu": 1500,
					"omitted": false,
					"sender": true
				}
			],
			"sum": {
				"start": 3.292912,
				"end": 3.500053,
				"seconds": 0.20714099705219269,
				"bytes": 130320,
				"bits_per_second": 5033093.4717732836,
				"retransmits": 5,
				"omitted": false,
				"sender": true
			}
		},
		{
			"streams": [
				{
					"socket": 6,
					"start": 3.500053,
					"end": 4.000129,
					"seconds": 0.50007599592208862,
					"bytes": 260640,
					"bits_per_second": 4169606.2538559833,
					"retransmits": 10,
					"snd_cwnd": 2896,
					"rtt": 1941,
					"rttvar": 688,
					"pmtu": 1500,
					"omitted": false,
					"sender": true
				}
			],
			"sum": {
				"start": 3.500053,
				"end": 4.000129,
				"seconds": 0.50007599592208862,
				"bytes": 260640,
				"bits_per_second": 4169606.2538559833,
				"retransmits": 10,
				"omitted": false,
				"sender": true
			}
		},
		{
			"streams": [
				{
					"socket": 6,
					"start": 4.000129,
					"end": 4.500204,
					"seconds": 0.50007498264312744,
					"bytes": 260640,
					"bits_per_second": 4169614.7025375613,
					"retransmits": 14,
					"snd_cwnd": 2896,
					"rtt": 4558,
					"rttvar": 4994,
					"pmtu": 1500,
					"omitted": false,
					"sender": true
				}
			],
			"sum": {
				"start": 4.000129,
				"end": 4.500204,
				"seconds": 0.50007498264312744,
				"bytes": 260640,
				"bits_per_second": 4169614.7025375613,
				"retransmits": 14,
				"omitted": false,
				"sender": true
			}
		},
		{
			"streams": [
				{
					"socket": 6,
					"start": 4.500204,
					"end": 5.004601,
					"seconds": 0.50439697504043579,
					"bytes": 130320,
					"bits_per_second": 2066943.4028949549,
					"retransmits": 8,
					"snd_cwnd": 4344,
					"rtt": 7336,
					"rttvar": 11514,
					"pmtu": 1500,
					"omitted": false,
					"sender": true
				}
			],
			"sum": {
				"start": 4.500204,
				"end": 5.004601,
				"seconds": 0.50439697504043579,
				"bytes": 130320,
				"bits_per_second": 2066943.4028949549,
				"retransmits": 8,
				"omitted": false,
				"sender": true
			}
		},
		{
			"streams": [
				{
					"socket": 6,
					"start": 5.004601,
					"end": 5.500382,
					"seconds": 0.49578100442886353,
					"bytes": 130320,
					"bits_per_second": 2102863.9473612392,
					"retransmits": 4,
					"snd_cwnd": 4344,
					"rtt": 5848,
					"rttvar": 6253,
					"pmtu": 1500,
					"omitted": false,
					"sender": true
				}
			],
			"sum": {
				"start": 5.004601,
				"end": 5.500382,
				"seconds": 0.49578100442886353,
				"bytes": 130320,
				"bits_per_second": 2102863.9473612392,
				"retransmits": 4,
				"omitted": false,
				"sender": true
			}
		},
		{
			"streams": [
				{
					"socket": 6,
					"start": 5.500382,
					"end": 6.000377,
					"seconds": 0.49999499320983887,
					"bytes": 521280,
					"bits_per_second": 8340563.5189027293,
					"retransmits": 20,
					"snd_cwnd": 7240,
					"rtt": 4118,
					"rttvar": 2165,
					"pmtu": 1500,
					"omitted": false,
					"sender": true
				}
			],
			"sum": {
				"start": 5.500382,
				"end": 6.000377,
				"seconds": 0.49999499320983887,
				"bytes": 521280,
				"bits_per_second": 8340563.5189027293,
				"retransmits": 20,
				"omitted": false,
				"sender": true
			}
		},
		{
			"streams": [
				{
					"socket": 6,
					"start": 6.000377,
					"end": 6.5001940000000005,
					"seconds": 0.49981701374053955,
					"bytes": 260640,
					"bits_per_second": 4171766.7519865748,
					"retransmits": 19,
					"snd_cwnd": 2896,