{
	"start":	{
		"connected":	[{
				"socket":	6,
				"local_host":	"10.0.0.1",
				"local_port":	40252,
				"remote_host":	"10.0.0.4",
				"remote_port":	5000
			}],
		"version":	"iperf 3.7",
		"system_info":	"Linux mininet-vm 5.4.0-42-generic #46-Ubuntu SMP Fri Jul 10 00:24:02 UTC 2020 x86_64",
		"timestamp":	{
			"time":	"Tue, 12 Mar 2024 08:19:42 GMT",
			"timesecs":	1710231582
		},
		"connecting_to":	{
			"host":	"10.0.0.4",
			"port":	5000
		},
		"cookie":	"ndlfj72iqkjwcrxy5fpehqc6f3g7pmdp5igw",
		"tcp_mss_default":	1448,
		"sock_bufsize":	0,
		"sndbuf_actual":	87380,
		"rcvbuf_actual":	87380,
		"test_start":	{
			"protocol":	"TCP",
			"num_streams":	1,
			"blksize":	131072,
			"omit":	0,
			"duration":	15,
			"bytes":	0,
			"blocks":	0,
			"reverse":	1,
			"tos":	0
		}
	},
	"intervals":	[{
			"streams":	[{
					"socket":	6,
					"start":	0,
					"end":	1.00022,
					"seconds":	1.0002199411392212,
					"bytes":	1072968,
					"bits_per_second":	8581856.4967054818,
					"omitted":	false,
					"sender":	false
				}],
			"sum":	{
				"start":	0,
				"end":	1.00022,
				"seconds":	1.0002199411392212,
				"bytes":	1072968,
				"bits_per_second":	8581856.4967054818,
				"omitted":	false,
				"sender":	false
			}
		}, {
			"streams":	[{
					"socket":	6,
					"start":	1.00022,
					"end":	2.000075,
					"seconds":	0.99985498189926147,
					"bytes":	907896,
					"bits_per_second":	7264221.4435970942,
					"omitted":	false,
					"sender":	false
				}],
			"sum":	{
				"start":	1.00022,
				"end":	2.000075,
				"seconds":	0.99985498189926147,
				"bytes":	907896,
				"bits_per_second":	7264221.4435970942,
				"omitted":	false,
				"sender":	false
			}
		}, {
			"streams":	[{
					"socket":	6,
					"start":	2.000075,
					"end":	3.289446,
					"seconds":	1.2893710136413574,
					"bytes":	238920,
					"bits_per_second":	1482397.2152143097,
					"omitted":	false,
					"sender":	false
				}],
			"sum":	{
				"start":	2.000075,
				"end":	3.289446,
				"seconds":	1.2893710136413574,
				"bytes":	238920,
				"bits_per_second":	1482397.2152143097,
				"omitted":	false,
				"sender":	false
			}
		}, {
			"streams":	[{
					"socket":	6,
					"start":	3.289446,
					"end":	4.000065,
					"seconds":	0.71061897277832031,
					"bytes":	346072,
					"bits_per_second":	3896006.3072558371,
					"omitted":	false,
					"sender":	false
				}],
			"sum":	{
				"start":	3.289446,
				"end":	4.000065,
				"seconds":	0.71061897277832031,
				"bytes":	346072,
				"bits_per_second":	3896006.3072558371,
				"omitted":	false,
				"sender":	false
			}
		}, {
			"streams":	[{
					"socket":	6,
					"start":	4.000065,
					"end":	5.003534,
					"seconds":	1.0034689903259277,
					"bytes":	490872,
					"bits_per_second":	3913400.4516916005,
					"omitted":	false,
					"sender":	false
				}],
			"sum":	{
				"start":	4.000065,
				"end":	5.003534,
				"seconds":	1.0034689903259277,
				"bytes":	490872,
				"bits_per_second":	3913400.4516916005,
				"omitted":	false,
				"sender":	false
			}
		}, {
			"streams":	[{
					"socket":	6,
					"start":	5.003534,
					"end":	6.000544,
					"seconds":	0.9970099925994873,
					"bytes":	560376,
					"bits_per_second":	4496452.4260298824,
					"omitted":	false,
					"sender":	false
				}],
			"sum":	{
				"start":	5.003534,
				"end":	6.000544,
				"seconds":	0.9970099925994873,
				"bytes":	560376,
				"bits_per_second":	4496452.4260298824,
				"omitted":	false,
				"sender":	false
			}
		}, {
			"streams":	[{
					"socket":	6,
					"start":	6.000544,
					"end":	7.000216,
					"seconds":	0.999671995639801,
					"bytes":	489424,
					"bits_per_second":	3916676.687030836,
					"omitted":	false,
					"sender":	false
				}],
			"sum":	{
				"start":	6.000544,
				"end":	7.000216,
				"seconds":	0.999671995639801,
				"bytes":	489424,
				"bits_per_second":	3916676.687030836,
				"omitted":	false,
				"sender":	false
			}
		}, {
			"streams":	[{
					"socket":	6,
					"start":	7.000216,
					"end":	8.000216,
					"seconds":	1,
					"bytes":	434400,
					"bits_per_second":	3475200,
					"omitted":	false,
					"sender":	false
				}],
			"sum":	{
				"start":	7.000216,
				"end":	8.000216,
				"seconds":	1,
				"bytes":	434400,
				"bits_per_second":	3475200,
				"omitted":	false,
				"sender":	false
			}
		}, {
			"streams":	[{
					"socket":	6,
					"start":	8.000216,
					"end":	9.000317,
					"seconds":	1.0001009702682495,
					"bytes":	635672,
					"bits_per_second":	5084862.5800612792,
					"omitted":	false,
					"sender":	false
				}],
			"sum":	{
				"start":	8.000216,
				"end":	9.000317,
				"seconds":	1.0001009702682495,
				"bytes":	635672,
				"bits_per_second":	5084862.5800612792,
				"omitted":	false,
				"sender":	false
			}
		}, {
			"streams":	[{
					"socket":	6,
					"start":	9.000317,
					"end":	10.000672,
					"seconds":	1.0003550052642822,
					"bytes":	418472,
					"bits_per_second":	3346587.9436626164,
					"omitted":	false,
					"sender":	false
				}],
			"sum":	{
				"start":	9.000317,
				"end":	10.000672,
				"seconds":	1.0003550052642822,
				"bytes":	418472,
				"bits_per_second":	3346587.9436626164,
				"omitted":	false,
				"sender":	false
			}
		}, {
			"streams":	[{
					"socket":	6,
					"start":	10.000672,
					"end":	11.000202,
					"seconds":	0.999530017375946,
					"bytes":	634224,
					"bits_per_second":	5076177.7153228121,
					"omitted":	false,
					"sender":	false
				}],
			"sum":	{
				"start":	10.000672,
				"end":	11.000202,
				"seconds":	0.999530017375946,
				"bytes":	634224,
				"bits_per_second":	5076177.7153228121,
				"omitted":	false,
				"sender":	false
			}
		}, {
			"streams":	[{
					"socket":	6,
					"start":	11.000202,
					"end":	12.000081,
					"seconds":	0.999879002571106,
					"bytes":	1297408,
					"bits_per_second":	10380520.016232546,
					"omitted":	false,
					"sender":	false
				}],
			"sum":	{
				"start":	11.000202,
				"end":	12.000081,
				"seconds":	0.999879002571106,
				"bytes":	1297408,
				"bits_per_second":	10380520.016232546,
				"omitted":	false,
				"sender":	false
			}
		}, {
			"streams":	[{
					"socket":	6,
					"start":	12.000081,
					"end":	13.000243,
					"seconds":	1.0001620054244995,
					"bytes":	1123648,
					"bits_per_second":	8987727.9393199049,
					"omitted":	false,
					"sender":	false
				}],
			"sum":	{
				"start":	12.000081,
				"end":	13.000243,
				"seconds":	1.0001620054244995,
				"bytes":	1123648,
				"bits_per_second":	8987727.9393199049,
				"omitted":	false,
				"sender":	false
			}
		}, {
			"streams":	[{
					"socket":	6,
					"start":	13.000243,
					"end":	14.000289,
					"seconds":	1.0000460147857666,
					"bytes":	823912,
					"bits_per_second":	6590992.7168821432,
					"omitted":	false,
					"sender":	false
				}],
			"sum":	{
				"start":	13.000243,
				"end":	14.000289,
				"seconds":	1.0000460147857666,
				"bytes":	823912,
				"bits_per_second":	6590992.7168821432,
				"omitted":	false,
				"sender":	false
			}
		}, {
			"streams":	[{
					"socket":	6,
					"start":	14.000289,
					"end":	15.000132,
					"seconds":	0.99984300136566162,
					"bytes":	1159848,
					"bits_per_second":	9280240.985161,
					"omitted":	false,
					"sender":	false
				}],
			"sum":	{
				"start":	14.000289,
				"end":	15.000132,
				"seconds":	0.99984300136566162,
				"bytes":	1159848,
				"bits_per_second":	9280240.985161,
				"omitted":	false,
				"sender":	false
			}
		}],
	"end":	{
		"streams":	[{
				"sender":	{
					"socket":	6,
					"start":	0,
					"end":	15.001448,
					"seconds":	15.001448,
					"bytes":	10790496,
					"bits_per_second":	5754375.7109313719,
					"retransmits":	448,
					"max_snd_cwnd":	0,
					"max_rtt":	0,
					"min_rtt":	0,
					"mean_rtt":	0,
					"sender":	false
				},
				"receiver":	{
					"socket":	6,
					"start":	0,
					"end":	15.000132,
					"seconds":	15.000132,
					"bytes":	10634112,
					"bits_per_second":	5671476.4910068791,
					"sender":	false
				}
			}],
		"sum_sent":	{
			"start":	0,
			"end":	15.001448,