{
    "second": 8.0,
    "dcm-quic": 31.129088311290634,
    "tcp": 5.033403723163952
}