{
	"start":	{
		"connected":	[{
				"socket":	6,
				"local_host":	"10.0.0.1",
				"local_port":	34214,
				"remote_host":	"10.0.0.4",
				"remote_port":	5000
			}],
		"version":	"iperf 3.7",
		"system_info":	"Linux mininet-vm 5.4.0-42-generic #46-Ubuntu SMP Fri Jul 10 00:24:02 UTC 2020 x86_64",
		"timestamp":	{
			"time":	"Mon, 11 Mar 2024 16:53:35 GMT",
			"timesecs":	1710176015
		},
		"connecting_to":	{
			"host":	"10.0.0.4",
			"port":	5000
		},
		"cookie":	"uzz7h4l4gl267iydwqbzgcnwc76jhexzqx37",
		"tcp_mss_default":	1448,
		"sock_bufsize":	0,
		"sndbuf_actual":	87380,
		"rcvbuf_actual":	87380,
		"test_start":	{
			"protocol":	"TCP",
			"num_streams":	1,
			"blksize":	131072,
			"omit":	0,
			"duration":	15,
			"bytes":	0,
			"blocks":	0,
			"reverse":	1,
			"tos":	0
		}
	},
	"intervals":	[{
			"streams":	[{
					"socket":	6,
					"start":	0,
					"end":	1.000358,
					"seconds":	1.000357985496521,
					"bytes":	6476904,
					"bits_per_second":	51796689.536378175,
					"omitted":	false,
					"sender":	false
				}],
			"sum":	{
				"start":	0,
				"end":	1.000358,
				"seconds":	1.000357985496521,
				"bytes":	6476904,
				"bits_per_second":	51796689.536378175,
				"omitted":	false,
				"sender":	false
			}
		}, {
			"streams":	[{
					"socket":	6,
					"start":	1.000358,
					"end":	2.001617,
					"seconds":	1.0012589693069458,
					"bytes":	5314160,
					"bits_per_second":	42459824.384321831,
					"omitted":	false,
					"sender":	false
				}],
			"sum":	{
				"start":	1.000358,
				"end":	2.001617,
				"seconds":	1.0012589693069458,
				"bytes":	5314160,
				"bits_per_second":	42459824.384321831,
				"omitted":	false,
				"sender":	false
			}
		}, {
			"streams":	[{
					"socket":	6,
					"start":	2.001617,
					"end":	3.001489,
					"seconds":	0.99987202882766724,
					"bytes":	5335880,
					"bits_per_second":	42692503.40971116,
					"omitted":	false,
					"sender":	false
				}],
			"sum":	{
				"start":	2.001617,
				"end":	3.001489,
				"seconds":	0.99987202882766724,
				"bytes":	5335880,
				"bits_per_second":	42692503.40971116,
				"omitted":	false,
				"sender":	false
			}
		}, {
			"streams":	[{
					"socket":	6,
					"start":	3.001489,
					"end":	4.000551,
					"seconds":	0.99906200170516968,
					"bytes":	6388576,
					"bits_per_second":	51156592.796812743,
					"omitted":	false,
					"sender":	false
				}],
			"sum":	{
				"start":	3.001489,
				"end":	4.000551,
				"seconds":	0.99906200170516968,
				"bytes":	6388576,
				"bits_per_second":	51156592.796812743,
				"omitted":	false,
				"sender":	false
			}
		}, {
			"streams":	[{
					"socket":	6,
					"start":	4.000551,
					"end":	5.00022,
					"seconds":	0.99966901540756226,
					"bytes":	6659352,
					"bits_per_second":	53292454.981492057,
					"omitted":	false,
					"sender":	false
				}],
			"sum":	{
				"start":	4.000551,
				"end":	5.00022,
				"seconds":	0.99966901540756226,
				"bytes":	6659352,
				"bits_per_second":	53292454.981492057,
				"omitted":	false,
				"sender":	false
			}
		}, {
			"streams":	[{
					"socket":	6,
					"start":	5.00022,
					"end":	6.000141,
					"seconds":	0.99992102384567261,
					"bytes":	5860056,
					"bits_per_second":	46884150.729923554,
					"omitted":	false,
					"sender":	false
				}],
			"sum":	{
				"start":	5.00022,
				"end":	6.000141,
				"seconds":	0.99992102384567261,
				"bytes":	5860056,
				"bits_per_second":	46884150.729923554,
				"omitted":	false,
				"sender":	false
			}
		}, {
			"streams":	[{
					"socket":	6,
					"start":	6.000141,
					"end":	7.000328,
					"seconds":	1.0001870393753052,
					"bytes":	6230744,
					"bits_per_second":	49836630.587747552,
					"omitted":	false,
					"sender":	false
				}],
			"sum":	{
				"start":	6.000141,
				"end":	7.000328,
				"seconds":	1.0001870393753052,
				"bytes":	6230744,
				"bits_per_second":	49836630.587747552,
				"omitted":	false,
				"sender":	false
			}
		}, {
			"streams":	[{
					"socket":	6,
					"start":	7.000328,
					"end":	8.002911,
					"seconds":	1.0025830268859863,
					"bytes":	5569008,
					"bits_per_second":	44437281.307642221,
					"omitted":	false,
					"sender":	false
				}],
			"sum":	{
				"start":	7.000328,
				"end":	8.002911,
				"seconds":	1.0025830268859863,
				"bytes":	5569008,
				"bits_per_second":	44437281.307642221,
				"omitted":	false,
				"sender":	false
			}
		}, {
			"streams":	[{
					"socket":	6,
					"start":	8.002911,
					"end":	9.000681,
					"seconds":	0.99777001142501831,
					"bytes":	6255360,
					"bits_per_second":	50154724.4625328,
					"omitted":	false,
					"sender":	false
				}],
			"sum":	{
				"start":	8.002911,
				"end":	9.000681,
				"seconds":	0.99777001142501831,
				"bytes":	6255360,
				"bits_per_second":	50154724.4625328,
				"omitted":	false,
				"sender":	false
			}
		}, {
			"streams":	[{
					"socket":	6,
					"start":	9.000681,
					"end":	10.00269,
					"seconds":	1.0020090341567993,
					"bytes":	5302576,
					"bits_per_second":	42335554.425112911,
					"omitted":	false,
					"sender":	false
				}],
			"sum":	{
				"start":	9.000681,
				"end":	10.00269,
				"seconds":	1.0020090341567993,
				"bytes":	5302576,
				"bits_per_second":	42335554.425112911,
				"omitted":	false,
				"sender":	false
			}
		}, {
			"streams":	[{
					"socket":	6,
					"start":	10.00269,
					"end":	11.000123,
					"seconds":	0.99743300676345825,
					"bytes":	6187304,
					"bits_per_second":	49625821.1472428,
					"omitted":	false,
					"sender":	false
				}],
			"sum":	{
				"start":	10.00269,
				"end":	11.000123,
				"seconds":	0.99743300676345825,
				"bytes":	6187304,
				"bits_per_second":	49625821.1472428,
				"omitted":	false,
				"sender":	false
			}
		}, {
			"streams":	[{
					"socket":	6,
					"start":	11.000123,
					"end":	12.000634,
					"seconds":	1.0005110502243042,
					"bytes":	5176600,
					"bits_per_second":	41391646.789623842,
					"omitted":	false,
					"sender":	false
				}],
			"sum":	{
				"start":	11.000123,
				"end":	12.000634,
				"seconds":	1.0005110502243042,
				"bytes":	5176600,
				"bits_per_second":	41391646.789623842,
				"omitted":	false,
				"sender":	false
			}
		}, {
			"streams":	[{
					"socket":	6,
					"start":	12.000634,
					"end":	13.013525,
					"seconds":	1.0128910541534424,
					"bytes":	6349480,
					"bits_per_second":	50149361.860495768,
					"omitted":	false,
					"sender":	false
				}],
			"sum":	{
				"start":	12.000634,
				"end":	13.013525,
				"seconds":	1.0128910541534424,
				"bytes":	6349480,
				"bits_per_second":	50149361.860495768,
				"omitted":	false,
				"sender":	false
			}
		}, {
			"streams":	[{
					"socket":	6,
					"start":	13.013525,
					"end":	14.000533,
					"seconds":	0.98700797557830811,
					"bytes":	5409728,
					"bits_per_second":	43847491.68277251,
					"omitted":	false,
					"sender":	false
				}],
			"sum":	{
				"start":	13.013525,
				"end":	14.000533,
				"seconds":	0.98700797557830811,
				"bytes":	5409728,
				"bits_per_second":	43847491.68277251,
				"omitted":	false,
				"sender":	false
			}
		}, {
			"streams":	[{
					"socket":	6,
					"start":	14.000533,
					"end":	15.000742,
					"seconds":	1.0002089738845825,
					"bytes":	5612448,
					"bits_per_second":	44890203.119874343,
					"omitted":	false,
					"sender":	false
				}],
			"sum":	{
				"start":	14.000533,
				"end":	15.000742,
				"seconds":	1.0002089738845825,
				"bytes":	5612448,
				"bits_per_second":	44890203.119874343,
				"omitted":	false,
				"sender":	false
			}
		}],
	"end":	{
		"streams":	[{
				"sender":	{
					"socket":	6,
					"start":	0,
					"end":	15.001472,
					"seconds":	15.001472,
					"bytes":	90065600,
					"bits_per_second":	48030273.295847237,
					"retransmits":	18,
					"max_snd_cwnd":	0,
					"max_rtt":	0,
					"min_rtt":	0,
					"mean_rtt":	0,
					"sender":	false
				},
				"receiver":	{
					"socket":	6,
					"start":	0,
					"end":	15.000742,
					"seconds":	15.000742,
					"bytes":	88128176,
					"bits_per_second":	46999368.964548551,