{
	"start": {
		"connected": [
			{
				"socket": 6,
				"local_host": "10.0.0.4",
				"local_port": 5000,
				"remote_host": "10.0.0.1",
				"remote_port": 34214
			}
		],
		"version": "iperf 3.7",
		"system_info": "Linux mininet-vm 5.4.0-42-generic #46-Ubuntu SMP Fri Jul 10 00:24:02 UTC 2020 x86_64",
		"sock_bufsize": 0,
		"sndbuf_actual": 87380,
		"rcvbuf_actual": 87380,
		"timestamp": {
			"time": "Mon, 11 Mar 2024 16:53:35 GMT",
			"timesecs": 1710176015
		},
		"accepted_connection": {
			"host": "10.0.0.1",
			"port": 34212
		},
		"cookie": "uzz7h4l4gl267iydwqbzgcnwc76jhexzqx37",
		"tcp_mss_default": 0,
		"test_start": {
			"protocol": "TCP",
			"num_streams": 1,
			"blksize": 131072,
			"omit": 0,
			"duration": 15,
			"bytes": 0,
			"blocks": 0,
			"reverse": 1,
			"tos": 0
		}
	},
	"intervals": [
		{
			"streams": [
				{
					"socket": 6,
					"start": 0,
					"end": 0.500397,
					"seconds": 0.50039702653884888,
					"bytes": 4184720,
					"bits_per_second": 66902395.946593255,
					"retransmits": 0,
					"snd_cwnd": 185344,
					"rtt": 29581,
					"rttvar": 4360,
					"pmtu": 1500,
					"omitted": false,
					"sender": true
				}
			],
			"sum": {
				"start": 0,
				"end": 0.500397,
				"seconds": 0.50039702653884888,
				"bytes": 4184720,
				"bits_per_second": 66902395.946593255,
				"retransmits": 0,
				"omitted": false,
				"sender": true
			}
		},
		{
			"streams": [
				{
					"socket": 6,
					"start": 0.500397,
					"end": 1.00083,
					"seconds": 0.50043302774429321,
					"bytes": 3648960,
					"bits_per_second": 58332840.523299962,
					"retransmits": 0,
					"snd_cwnd": 341728,
					"rtt": 49491,
					"rttvar": 1695,
					"pmtu": 1500,
					"omitted": false,
					"sender": true
				}
			],
			"sum": {
				"start": 0.500397,
				"end": 1.00083,
				"seconds": 0.50043302774429321,
				"bytes": 3648960,
				"bits_per_second": 58332840.523299962,
				"retransmits": 0,
				"omitted": false,
				"sender": true
			}
		},
		{
			"streams": [
				{
					"socket": 6,
					"start": 1.00083,
					"end": 1.5007920000000001,
					"seconds": 0.49996200203895569,
					"bytes": 3258000,
					"bits_per_second": 52131961.816508532,
					"retransmits": 2,
					"snd_cwnd": 299736,
					"rtt": 67508,
					"rttvar": 3936,
					"pmtu": 1500,
					"omitted": false,
					"sender": true
				}
			],
			"sum": {
				"start": 1.00083,
				"end": 1.5007920000000001,
				"seconds": 0.49996200203895569,
				"bytes": 3258000,
				"bits_per_second": 52131961.816508532,
				"retransmits": 2,
				"omitted": false,
				"sender": true
			}
		},
		{
			"streams": [
				{
					"socket": 6,
					"start": 1.5007920000000001,
					"end": 2.000237,
					"seconds": 0.49944499135017395,
					"bytes": 2671560,
					"bits_per_second": 42792460.371306829,
					"retransmits": 0,
					"snd_cwnd": 306976,
					"rtt": 55526,
					"rttvar": 2175,
					"pmtu": 1500,
					"omitted": false,
					"sender": true
				}
			],
			"sum": {
				"start": 1.5007920000000001,
				"end": 2.000237,
				"seconds": 0.49944499135017395,
				"bytes": 2671560,
				"bits_per_second": 42792460.371306829,
				"retransmits": 0,
				"omitted": false,
				"sender": true
			}
		},
		{
			"streams": [
				{
					"socket": 6,
					"start": 2.000237,
					"end": 2.504182,
					"seconds": 0.503944993019104,
					"bytes": 2541240,
					"bits_per_second": 40341545.767137557,
					"retransmits": 0,
					"snd_cwnd": 312768,
					"rtt": 71237,
					"rttvar": 39119,
					"pmtu": 1500,
					"omitted": false,
					"sender": true
				}
			],
			"sum": {
				"start": 2.000237,
				"end": 2.504182,
				"seconds": 0.503944993019104,
				"bytes": 2541240,
				"bits_per_second": 40341545.767137557,
				"retransmits": 0,
				"omitted": false,
				"sender": true
			}
		},
		{
			"streams": [
				{
					"socket": 6,
					"start": 2.504182,
					"end": 3.000564,
					"seconds": 0.49638199806213379,
					"bytes": 2541240,
					"bits_per_second": 40956199.216264158,
					"retransmits": 4,
					"snd_cwnd": 318560,
					"rtt": 78159,
					"rttvar": 5819,
					"pmtu": 1500,
					"omitted": false,
					"sender": true
				}
			],
			"sum": {
				"start": 2.504182,
				"end": 3.000564,
				"seconds": 0.49638199806213379,
				"bytes": 2541240,
				"bits_per_second": 40956199.216264158,
				"retransmits": 4,
				"omitted": false,
				"sender": true
			}
		},
		{
			"streams": [
				{
					"socket": 6,
					"start": 3.000564,
					"end": 3.502087,
					"seconds": 0.50152301788330078,
					"bytes": 3583800,
					"bits_per_second": 57166668.283750251,
					"retransmits": 1,
					"snd_cwnd": 324352,
					"rtt": 67327,
					"rttvar": 18891,
					"pmtu": 1500,
					"omitted": false,
					"sender": true
				}
			],
			"sum": {
				"start": 3.000564,
				"end": 3.502087,
				"seconds": 0.50152301788330078,
				"bytes": 3583800,
				"bits_per_second": 57166668.283750251,
				"retransmits": 1,
				"omitted": false,
				"sender": true
			}
		},
		{
			"streams": [
				{
					"socket": 6,
					"start": 3.502087,
					"end": 4.00043,
					"seconds": 0.49834299087524414,
					"bytes": 3453480,
					"bits_per_second": 55439407.207226865,
					"retransmits": 0,
					"snd_cwnd": 331592,
					"rtt": 50638,
					"rttvar": 818,
					"pmtu": 1500,
					"omitted": false,
					"sender": true
				}
			],
			"sum": {
				"start": 3.502087,
				"end": 4.00043,
				"seconds": 0.49834299087524414,
				"bytes": 3453480,
				"bits_per_second": 55439407.207226865,
				"retransmits": 0,
				"omitted": false,
				"sender": true
			}
		},
		{
			"streams": [
				{
					"socket": 6,
					"start": 4.00043,
					"end": 4.501167,
					"seconds": 0.50073701143264771,
					"bytes": 3583800,
					"bits_per_second": 57256402.75315728,
					"retransmits": 0,
					"snd_cwnd": 340280,
					"rtt": 51921,
					"rttvar": 3235,
					"pmtu": 1500,
					"omitted": false,
					"sender": true
				}
			],
			"sum": {
				"start": 4.00043,
				"end": 4.501167,
				"seconds": 0.50073701143264771,
				"bytes": 3583800,
				"bits_per_second": 57256402.75315728,
				"retransmits": 0,
				"omitted": false,
				"sender": true
			}
		},
		{
			"streams": [
				{
					"socket": 6,
					"start": 4.501167,
					"end": 5.000484,
					"seconds": 0.4993169903755188,
					"bytes": 2671560,
					"bits_per_second": 42803430.3097247,
					"retransmits": 0,
					"snd_cwnd": 347520,
					"rtt": 45127,
					"rttvar": 1103,
					"pmtu": 1500,
					"omitted": false,
					"sender": true
				}
			],
			"sum": {
				"start": 4.501167,
				"end": 5.000484,
				"seconds": 0.4993169903755188,
				"bytes": 2671560,
				"bits_per_second": 42803430.3097247,
				"retransmits": 0,
				"omitted": false,
				"sender": true
			}
		},
		{
			"streams": [
				{
					"socket": 6,
					"start": 5.000484,
					"end": 5.515761,
					"seconds": 0.51527702808380127,
					"bytes": 2606400,
					"bits_per_second": 40465999.576074444,
					"retransmits": 3,
					"snd_cwnd": 353312,
					"rtt": 83244,
					"rttvar": 1192,
					"pmtu": 1500,
					"omitted": false,
					"sender": true
				}
			],
			"sum": {
				"start": 5.000484,
				"end": 5.515761,
				"seconds": 0.51527702808380127,
				"bytes": 2606400,
				"bits_per_second": 40465999.576074444,
				"retransmits": 3,
				"omitted": false,
				"sender": true
			}
		},
		{
			"streams": [
				{
					"socket": 6,
					"start": 5.515761,
					"end": 6.000058,
					"seconds": 0.4842970073223114,
					"bytes": 3453480,
					"bits_per_second": 57047306.884580858,
					"retransmits": 0,
					"snd_cwnd": 359104,
					"rtt": 53558,
					"rttvar": 1500,
					"pmtu": 1500,
					"omitted": false,
					"sender": true
				}
			],
			"sum": {
				"start": 5.515761,
				"end": 6.000058,
				"seconds": 0.4842970073223114,
				"bytes": 3453480,
				"bits_per_second": 57047306.884580858,
				"retransmits": 0,
				"omitted": false,
				"sender": true
			}
		},
		{
			"streams": [
				{
					"socket": 6,
					"start": 6.000058,
					"end": 6.500325,
					"seconds": 0.50026702880859375,