{
    "second": 8.0,
    "dcm-quic": 3.6326290605099256,
    "tcp": 4.496603582773699
}