{
    "second": 8.0,
    "dcm-quic": 3.9572013037235565,
    "tcp": 47.809677035933305
}