{
	"start":	{
		"connected":	[{
				"socket":	5,
				"local_host":	"10.0.0.1",
				"local_port":	46816,
				"remote_host":	"10.0.0.4",
				"remote_port":	5000
			}],
		"version":	"iperf 3.6",
		"system_info":	"Linux iZuf6bo0he18b3z1sntv5iZ 4.19.0-16-amd64 #1 SMP Debian 4.19.181-1 (2021-03-19) x86_64",
		"timestamp":	{
			"time":	"Mon, 25 Dec 2023 05:25:03 GMT",
			"timesecs":	1703481903
		},
		"connecting_to":	{
			"host":	"10.0.0.4",
			"port":	5000
		},
		"cookie":	"3xefh7svrelirzsh543n3nmrylykvpjqrocp",
		"tcp_mss_default":	1448,
		"sock_bufsize":	0,
		"sndbuf_actual":	87380,
		"rcvbuf_actual":	87380,
		"test_start":	{
			"protocol":	"TCP",
			"num_streams":	1,
			"blksize":	131072,
			"omit":	0,
			"duration":	30,
			"bytes":	0,
			"blocks":	0,
			"reverse":	1,
			"tos":	0
		}
	},
	"intervals":	[{
			"streams":	[{
					"socket":	5,
					"start":	0,
					"end":	1.0000710487365723,
					"seconds":	1.0000710487365723,
					"bytes":	69504,
					"bits_per_second":	555992.49743551353,
					"omitted":	false
				}],
			"sum":	{
				"start":	0,
				"end":	1.0000710487365723,
				"seconds":	1.0000710487365723,
				"bytes":	69504,
				"bits_per_second":	555992.49743551353,
				"omitted":	false
			}
		}, {
			"streams":	[{
					"socket":	5,
					"start":	1.0000710487365723,
					"end":	2.0001051425933838,
					"seconds":	1.0000340938568115,
					"bytes":	55024,
					"bits_per_second":	440176.99266864022,
					"omitted":	false
				}],
			"sum":	{
				"start":	1.0000710487365723,
				"end":	2.0001051425933838,
				"seconds":	1.0000340938568115,
				"bytes":	55024,
				"bits_per_second":	440176.99266864022,
				"omitted":	false
			}
		}, {
			"streams":	[{
					"socket":	5,
					"start":	2.0001051425933838,
					"end":	3.0000789165496826,
					"seconds":	0.99997377395629883,
					"bytes":	57920,
					"bits_per_second":	463372.15241831925,
					"omitted":	false
				}],
			"sum":	{
				"start":	2.0001051425933838,
				"end":	3.0000789165496826,
				"seconds":	0.99997377395629883,
				"bytes":	57920,
				"bits_per_second":	463372.15241831925,
				"omitted":	false
			}
		}, {
			"streams":	[{
					"socket":	5,
					"start":	3.0000789165496826,
					"end":	4.0001001358032227,
					"seconds":	1.00002121925354,
					"bytes":	57920,
					"bits_per_second":	463350.16805530619,
					"omitted":	false
				}],
			"sum":	{
				"start":	3.0000789165496826,
				"end":	4.0001001358032227,
				"seconds":	1.00002121925354,
				"bytes":	57920,
				"bits_per_second":	463350.16805530619,
				"omitted":	false
			}
		}, {
			"streams":	[{
					"socket":	5,
					"start":	4.0001001358032227,
					"end":	5.0000760555267334,
					"seconds":	0.99997591972351074,
					"bytes":	63712,
					"bits_per_second":	509708.27391616476,
					"omitted":	false
				}],
			"sum":	{
				"start":	4.0001001358032227,
				"end":	5.0000760555267334,
				"seconds":	0.99997591972351074,
				"bytes":	63712,
				"bits_per_second":	509708.27391616476,
				"omitted":	false
			}
		}, {
			"streams":	[{
					"socket":	5,
					"start":	5.0000760555267334,
					"end":	6.0000810623168945,
					"seconds":	1.0000050067901611,
					"bytes":	63712,
					"bits_per_second":	509693.448071859,
					"omitted":	false
				}],
			"sum":	{
				"start":	5.0000760555267334,
				"end":	6.0000810623168945,
				"seconds":	1.0000050067901611,
				"bytes":	63712,
				"bits_per_second":	509693.448071859,
				"omitted":	false
			}
		}, {
			"streams":	[{
					"socket":	5,
					"start":	6.0000810623168945,
					"end":	7.0000400543212891,
					"seconds":	0.99995899200439453,
					"bytes":	63712,
					"bits_per_second":	509716.90246849647,
					"omitted":	false
				}],
			"sum":	{
				"start":	6.0000810623168945,
				"end":	7.0000400543212891,
				"seconds":	0.99995899200439453,
				"bytes":	63712,
				"bits_per_second":	509716.90246849647,
				"omitted":	false
			}
		}, {
			"streams":	[{
					"socket":	5,
					"start":	7.0000400543212891,
					"end":	8.000075101852417,
					"seconds":	1.0000350475311279,
					"bytes":	60816,
					"bits_per_second":	486510.94899237109,
					"omitted":	false
				}],
			"sum":	{
				"start":	7.0000400543212891,
				"end":	8.000075101852417,
				"seconds":	1.0000350475311279,
				"bytes":	60816,
				"bits_per_second":	486510.94899237109,
				"omitted":	false
			}
		}, {
			"streams":	[{
					"socket":	5,
					"start":	8.000075101852417,
					"end":	9.0000720024108887,
					"seconds":	0.99999690055847168,
					"bytes":	63712,
					"bits_per_second":	509697.57977784565,
					"omitted":	false
				}],
			"sum":	{
				"start":	8.000075101852417,
				"end":	9.0000720024108887,
				"seconds":	0.99999690055847168,
				"bytes":	63712,
				"bits_per_second":	509697.57977784565,
				"omitted":	false
			}
		}, {
			"streams":	[{
					"socket":	5,
					"start":	9.0000720024108887,
					"end":	10.000085115432739,
					"seconds":	1.0000131130218506,
					"bytes":	60816,
					"bits_per_second":	486521.62023136311,
					"omitted":	false
				}],
			"sum":	{
				"start":	9.0000720024108887,
				"end":	10.000085115432739,
				"seconds":	1.0000131130218506,
				"bytes":	60816,
				"bits_per_second":	486521.62023136311,
				"omitted":	false
			}
		}, {
			"streams":	[{
					"socket":	5,
					"start":	10.000085115432739,
					"end":	11.000078916549683,
					"seconds":	0.99999380111694336,
					"bytes":	60816,
					"bits_per_second":	486531.01594887127,
					"omitted":	false
				}],
			"sum":	{
				"start":	10.000085115432739,
				"end":	11.000078916549683,
				"seconds":	0.99999380111694336,
				"bytes":	60816,
				"bits_per_second":	486531.01594887127,
				"omitted":	false
			}
		}, {
			"streams":	[{
					"socket":	5,
					"start":	11.000078916549683,
					"end":	12.000082015991211,
					"seconds":	1.0000030994415283,
					"bytes":	57920,
					"bits_per_second":	463358.56384722469,
					"omitted":	false
				}],
			"sum":	{
				"start":	11.000078916549683,
				"end":	12.000082015991211,
				"seconds":	1.0000030994415283,
				"bytes":	57920,
				"bits_per_second":	463358.56384722469,
				"omitted":	false
			}
		}, {
			"streams":	[{
					"socket":	5,
					"start":	12.000082015991211,
					"end":	13.000073909759521,
					"seconds":	0.99999189376831055,
					"bytes":	60816,
					"bits_per_second":	486531.94394066191,
					"omitted":	false
				}],
			"sum":	{
				"start":	12.000082015991211,
				"end":	13.000073909759521,
				"seconds":	0.99999189376831055,
				"bytes":	60816,
				"bits_per_second":	486531.94394066191,
				"omitted":	false
			}
		}, {
			"streams":	[{
					"socket":	5,
					"start":	13.000073909759521,
					"end":	14.000072956085205,
					"seconds":	0.99999904632568359,
					"bytes":	57920,
					"bits_per_second":	463360.44189495267,
					"omitted":	false
				}],
			"sum":	{
				"start":	13.000073909759521,
				"end":	14.000072956085205,
				"seconds":	0.99999904632568359,
				"bytes":	57920,
				"bits_per_second":	463360.44189495267,
				"omitted":	false
			}
		}, {
			"streams":	[{
					"socket":	5,
					"start":	14.000072956085205,
					"end":	15.000111103057861,
					"seconds":	1.0000381469726562,
					"bytes":	55024,
					"bits_per_second":	440175.20864835172,
					"omitted":	false
				}],
			"sum":	{
				"start":	14.000072956085205,
				"end":	15.000111103057861,
				"seconds":	1.0000381469726562,
				"bytes":	55024,
				"bits_per_second":	440175.20864835172,
				"omitted":	false
			}
		}, {
			"streams":	[{
					"socket":	5,
					"start":	15.000111103057861,
					"end":	16.000088930130005,
					"seconds":	0.99997782707214355,
					"bytes":	57920,
					"bits_per_second":	463370.27427566232,
					"omitted":	false
				}],
			"sum":	{
				"start":	15.000111103057861,
				"end":	16.000088930130005,
				"seconds":	0.99997782707214355,
				"bytes":	57920,
				"bits_per_second":	463370.27427566232,
				"omitted":	false
			}
		}, {
			"streams":	[{
					"socket":	5,
					"start":	16.000088930130005,
					"end":	17.00007700920105,
					"seconds":	0.99998807907104492,
					"bytes":	55024,