{
    "title": "fairness_1_tcpStreams result(mbps)",
    "quic": 0.8521699640380452,
    "tcp": 8.704003677946847
}