{
    "title": "fairness_3_tcpStreams result(mbps)",
    "quic": 0.35877480475228635,
    "tcp": 9.193241072218054
}