{
	"start":	{
		"connected":	[{
				"socket":	5,
				"local_host":	"10.0.0.1",
				"local_port":	56154,
				"remote_host":	"10.0.0.4",
				"remote_port":	5000
			}],
		"version":	"iperf 3.6",
		"system_info":	"Linux iZuf6bo0he18b3z1sntv5iZ 4.19.0-16-amd64 #1 SMP Debian 4.19.181-1 (2021-03-19) x86_64",
		"timestamp":	{
			"time":	"Fri, 29 Dec 2023 05:32:41 GMT",
			"timesecs":	1703827961
		},
		"connecting_to":	{
			"host":	"10.0.0.4",
			"port":	5000
		},
		"cookie":	"7g6n44bd7xxm24mgupceym5iwxqk5nsyv3r7",
		"tcp_mss_default":	1448,
		"sock_bufsize":	0,
		"sndbuf_actual":	87380,
		"rcvbuf_actual":	87380,
		"test_start":	{
			"protocol":	"TCP",
			"num_streams":	1,
			"blksize":	131072,
			"omit":	0,
			"duration":	30,
			"bytes":	0,
			"blocks":	0,
			"reverse":	1,
			"tos":	0
		}
	},
	"intervals":	[{
			"streams":	[{
					"socket":	5,
					"start":	0,
					"end":	1.000075101852417,
					"seconds":	1.000075101852417,
					"bytes":	246160,
					"bits_per_second":	1969132.114530545,
					"omitted":	false
				}],
			"sum":	{
				"start":	0,
				"end":	1.000075101852417,
				"seconds":	1.000075101852417,
				"bytes":	246160,
				"bits_per_second":	1969132.114530545,
				"omitted":	false
			}
		}, {
			"streams":	[{
					"socket":	5,
					"start":	1.000075101852417,
					"end":	2.0000901222229004,
					"seconds":	1.0000150203704834,
					"bytes":	53576,
					"bits_per_second":	428601.56224574533,
					"omitted":	false
				}],
			"sum":	{
				"start":	1.000075101852417,
				"end":	2.0000901222229004,
				"seconds":	1.0000150203704834,
				"bytes":	53576,
				"bits_per_second":	428601.56224574533,
				"omitted":	false
			}
		}, {
			"streams":	[{
					"socket":	5,
					"start":	2.0000901222229004,
					"end":	3.0000760555267334,
					"seconds":	0.999985933303833,
					"bytes":	62264,
					"bits_per_second":	498119.00688872492,
					"omitted":	false
				}],
			"sum":	{
				"start":	2.0000901222229004,
				"end":	3.0000760555267334,
				"seconds":	0.999985933303833,
				"bytes":	62264,
				"bits_per_second":	498119.00688872492,
				"omitted":	false
			}
		}, {
			"streams":	[{
					"socket":	5,
					"start":	3.0000760555267334,
					"end":	4.0000829696655273,
					"seconds":	1.0000069141387939,
					"bytes":	59368,
					"bits_per_second":	474940.71619396936,
					"omitted":	false
				}],
			"sum":	{
				"start":	3.0000760555267334,
				"end":	4.0000829696655273,
				"seconds":	1.0000069141387939,
				"bytes":	59368,
				"bits_per_second":	474940.71619396936,
				"omitted":	false
			}
		}, {
			"streams":	[{
					"socket":	5,
					"start":	4.0000829696655273,
					"end":	5.0000801086425781,
					"seconds":	0.99999713897705078,
					"bytes":	65160,
					"bits_per_second":	521281.49139830988,
					"omitted":	false
				}],
			"sum":	{
				"start":	4.0000829696655273,
				"end":	5.0000801086425781,
				"seconds":	0.99999713897705078,
				"bytes":	65160,
				"bits_per_second":	521281.49139830988,
				"omitted":	false
			}
		}, {
			"streams":	[{
					"socket":	5,
					"start":	5.0000801086425781,
					"end":	6.0000431537628174,
					"seconds":	0.99996304512023926,
					"bytes":	68056,
					"bits_per_second":	544468.120753936,
					"omitted":	false
				}],
			"sum":	{
				"start":	5.0000801086425781,
				"end":	6.0000431537628174,
				"seconds":	0.99996304512023926,
				"bytes":	68056,
				"bits_per_second":	544468.120753936,
				"omitted":	false
			}
		}, {
			"streams":	[{
					"socket":	5,
					"start":	6.0000431537628174,
					"end":	7.00007700920105,
					"seconds":	1.0000338554382324,
					"bytes":	62264,
					"bits_per_second":	498095.1367708632,
					"omitted":	false
				}],
			"sum":	{
				"start":	6.0000431537628174,
				"end":	7.00007700920105,
				"seconds":	1.0000338554382324,
				"bytes":	62264,
				"bits_per_second":	498095.1367708632,
				"omitted":	false
			}
		}, {
			"streams":	[{
					"socket":	5,
					"start":	7.00007700920105,
					"end":	8.0000810623168945,
					"seconds":	1.0000040531158447,
					"bytes":	59368,
					"bits_per_second":	474942.07500475046,
					"omitted":	false
				}],
			"sum":	{
				"start":	7.00007700920105,
				"end":	8.0000810623168945,
				"seconds":	1.0000040531158447,
				"bytes":	59368,
				"bits_per_second":	474942.07500475046,
				"omitted":	false
			}
		}, {
			"streams":	[{
					"socket":	5,
					"start":	8.0000810623168945,
					"end":	9.0000760555267334,
					"seconds":	0.99999499320983887,
					"bytes":	65160,
					"bits_per_second":	521282.6099526427,
					"omitted":	false
				}],
			"sum":	{
				"start":	8.0000810623168945,
				"end":	9.0000760555267334,
				"seconds":	0.99999499320983887,
				"bytes":	65160,
				"bits_per_second":	521282.6099526427,
				"omitted":	false
			}
		}, {
			"streams":	[{
					"socket":	5,
					"start":	9.0000760555267334,
					"end":	10.000080108642578,
					"seconds":	1.0000040531158447,
					"bytes":	59368,
					"bits_per_second":	474942.07500475046,
					"omitted":	false
				}],
			"sum":	{
				"start":	9.0000760555267334,
				"end":	10.000080108642578,
				"seconds":	1.0000040531158447,
				"bytes":	59368,
				"bits_per_second":	474942.07500475046,
				"omitted":	false
			}
		}, {
			"streams":	[{
					"socket":	5,
					"start":	10.000080108642578,
					"end":	11.000041007995605,
					"seconds":	0.99996089935302734,
					"bytes":	59368,
					"bits_per_second":	474962.57134382735,
					"omitted":	false
				}],
			"sum":	{
				"start":	10.000080108642578,
				"end":	11.000041007995605,
				"seconds":	0.99996089935302734,
				"bytes":	59368,
				"bits_per_second":	474962.57134382735,
				"omitted":	false
			}
		}, {
			"streams":	[{
					"socket":	5,
					"start":	11.000041007995605,
					"end":	12.000091075897217,
					"seconds":	1.0000500679016113,
					"bytes":	59368,
					"bits_per_second":	474920.22174106463,
					"omitted":	false
				}],
			"sum":	{
				"start":	11.000041007995605,
				"end":	12.000091075897217,
				"seconds":	1.0000500679016113,
				"bytes":	59368,
				"bits_per_second":	474920.22174106463,
				"omitted":	false
			}
		}, {
			"streams":	[{
					"socket":	5,
					"start":	12.000091075897217,
					"end":	13.000091075897217,
					"seconds":	1,
					"bytes":	59368,
					"bits_per_second":	474944,
					"omitted":	false
				}],
			"sum":	{
				"start":	12.000091075897217,
				"end":	13.000091075897217,
				"seconds":	1,
				"bytes":	59368,
				"bits_per_second":	474944,
				"omitted":	false
			}
		}, {
			"streams":	[{
					"socket":	5,
					"start":	13.000091075897217,
					"end":	14.000081062316895,
					"seconds":	0.99998998641967773,
					"bytes":	62264,
					"bits_per_second":	498116.98793446855,
					"omitted":	false
				}],
			"sum":	{
				"start":	13.000091075897217,
				"end":	14.000081062316895,
				"seconds":	0.99998998641967773,
				"bytes":	62264,
				"bits_per_second":	498116.98793446855,
				"omitted":	false
			}
		}, {
			"streams":	[{
					"socket":	5,
					"start":	14.000081062316895,
					"end":	15.000086069107056,
					"seconds":	1.0000050067901611,
					"bytes":	59368,
					"bits_per_second":	474941.62206695951,
					"omitted":	false
				}],
			"sum":	{
				"start":	14.000081062316895,
				"end":	15.000086069107056,
				"seconds":	1.0000050067901611,
				"bytes":	59368,
				"bits_per_second":	474941.62206695951,
				"omitted":	false
			}
		}, {
			"streams":	[{
					"socket":	5,
					"start":	15.000086069107056,
					"end":	16.000076055526733,
					"seconds":	0.99998998641967773,
					"bytes":	57920,
					"bits_per_second":	463364.63993904053,
					"omitted":	false
				}],
			"sum":	{
				"start":	15.000086069107056,
				"end":	16.000076055526733,
				"seconds":	0.99998998641967773,
				"bytes":	57920,
				"bits_per_second":	463364.63993904053,
				"omitted":	false
			}
		}, {
			"streams":	[{
					"socket":	5,
					"start":	16.000076055526733,
					"end":	17.000118970870972,
					"seconds":	1.0000429153442383,
					"bytes":	56472,
					"bits_per_second":	451756.61270945368,
					"omitted":	false
				}],