{
    "title": "fairness result(mbps)",
    "quic": 9.062023586536895,
    "tcp": 0.5224333581790481
}