{
    "title": "fairness_2_tcpStreams result(mbps)",
    "quic": 0.7089285867526814,
    "tcp": 8.91486056756985
}