{
    "title": "fairness result(mbps)",
    "quic": 9.073809007428489,
    "tcp": 0.5633674696434942
}