{
    "title": "fairness result(mbps)",
    "quic": 9.063952313203249,
    "tcp": 0.4757150334529034
}