{
    "title": "throughput result(mbps)",
    "quic": 8.800065494383874,
    "quic-bom": 9.456076192912814,
    "tcp": 2.3145303531893475
}