{
    "title": "throughput result(mbps)",
    "quic": 9.538453665888214,
    "tcp": 9.567025888921396
}