{
    "title": "throughput result(mbps)",
    "quic": 9.538647543998588,
    "tcp": 9.570300680089648
}