{
    "second": 32.0,
    "quic": 16.76923076923077,
    "tcp": 16.384615384615383,
    "dcm-quic": 17.53846153846154
}